{"seed":"","useRandomSeed":false,"bots":0,"sarlacs":0,"players":[{"isHuman":true,"playerHandle":"Human","teamNumber":0,"teamColor":{"r":0.849056601524353,"g":0.3083837330341339,"b":0.7793197631835938,"a":1.0}},{"isHuman":false,"playerHandle":"AI","teamNumber":1,"teamColor":{"r":0.24528302252292634,"g":0.9211552739143372,"b":0.9811320900917053,"a":1.0}},{"isHuman":false,"playerHandle":"AI","teamNumber":2,"teamColor":{"r":0.8930369019508362,"g":0.8962264060974121,"b":0.004227492958307266,"a":1.0}},{"isHuman":false,"playerHandle":"AI","teamNumber":3,"teamColor":{"r":0.0,"g":0.10039103031158447,"b":0.9811320900917053,"a":1.0}}]}